codigoTSE,codigoIBGE,nome,renanPresidente,deputadoFederalMissao,deputadoEstadualMissao,totalMissaoLegislativo,lat,lng,populacao
88986,4300034,Aceguá,0,3,3,6,-31.659583333333334,-54.111154166666665,4253
84948,4300059,Água Santa,0,7,4,11,-28.228508333333334,-52.047200000000004,4000
85014,4300109,Agudo,0,398,32,430,-29.614082142857143,-53.22931071428571,16346
85030,4300208,Ajuricaba,0,21,13,34,-28.226053333333333,-53.743606666666665,6848
85057,4300307,Alecrim,0,9,10,19,-27.644122222222222,-54.787955555555556,6228
85073,4300406,Alegrete,0,141,121,262,-29.708883333333336,-55.8902630952381,74329
85545,4300455,Alegria,0,5,3,8,-27.794238461538463,-54.07722307692308,3711
89001,4300471,Almirante Tamandaré Do Sul,0,8,1,9,-28.12308,-52.91907333333334,2008
85090,4300505,Alpestre,0,10,6,16,-27.20444761904762,-53.04406190476191,7243
84808,4300554,Alto Alegre,0,164,13,177,-28.80428,-52.99107,1837
86282,4300570,Alto Feliz,0,11,10,21,-29.374111111111112,-51.3042,3143
85111,4300604,Alvorada,0,890,615,1505,-29.999014285714285,-51.04022857142858,194116
86045,4300638,Amaral Ferrador,0,5,4,9,-30.813304545454546,-52.29659545454546,5394
86304,4300646,Ametista Do Sul,0,30,14,44,-27.369639999999997,-53.1924,7822
86100,4300661,André Da Rocha,0,0,0,0,-28.58355,-51.49999375,1157
85138,4300703,Anta Gorda,0,29,6,35,-28.979031250000002,-51.99696875,6080
85154,4300802,Antônio Prado,0,32,28,60,-28.87661052631579,-51.31880526315789,13328
86320,4300851,Arambaré,0,6,5,11,-30.91452,-51.572885,4211
88862,4300877,Araricá,0,34,26,60,-29.641628571428573,-50.92798571428572,8794
85170,4300901,Aratiba,0,23,11,34,-27.38663157894737,-52.30674736842106,6618
85197,4301008,Arroio Do Meio,0,99,29,128,-29.36230769230769,-51.95670769230769,22490
89028,4301073,Arroio Do Padre,0,3,3,6,-31.44897142857143,-52.39362857142857,2651
85308,4301057,Arroio Do Sal,0,79,56,135,-29.52178333333333,-49.88996666666666,11384
85235,4301206,Arroio Do Tigre,0,510,23,533,-29.256564705882354,-53.057488235294116,12296
85219,4301107,Arroio Dos Ratos,0,32,28,60,-30.15788421052632,-51.72973684210526,14923
85251,4301305,Arroio Grande,0,43,31,74,-32.187374999999996,-52.872452083333336,17887
85278,4301404,Arvorezinha,0,71,13,84,-28.859893333333332,-52.146226666666664,10545
85294,4301503,Augusto Pestana,0,26,13,39,-28.53164,-54.01110666666667,7302
84735,4301552,Áurea,0,4,4,8,-27.710445454545457,-52.067009090909096,3460
85316,4301602,Bagé,0,427,235,662,-31.26614307692308,-54.051167692307686,121900
88927,4301636,Balneário Pinhal,0,47,35,82,-30.213936363636364,-50.28822727272727,15371
86223,4301651,Barão,0,17,13,30,-29.398592307692304,-51.51834615384616,6489
85332,4301701,Barão De Cotegipe,0,6,3,9,-27.55249090909091,-52.43676363636364,7313
86347,4301750,Barão Do Triunfo,0,5,3,8,-30.41213043478261,-51.792839130434785,5983
86363,4301859,Barra Do Guarita,0,8,3,11,-27.20774,-53.753949999999996,3230
88625,4301875,Barra Do Quaraí,0,17,6,23,-30.162864,-57.368779999999994,4337
85375,4301909,Barra Do Ribeiro,0,48,31,79,-30.372184,-51.332864,12475
86380,4301925,Barra Do Rio Azul,0,4,0,4,-27.39976923076923,-52.4049,1724
86401,4301958,Barra Funda,0,8,5,13,-27.916985714285715,-53.021071428571425,2555
85359,4301800,Barracão,0,12,11,23,-27.7347,-51.44521538461538,4920
85391,4302006,Barros Cassal,0,669,11,680,-29.13291176470588,-52.592411764705886,9442
88420,4302055,Benjamin Constant Do Sul,0,3,4,7,-27.48084615384615,-52.65654615384616,2120
85413,4302105,Bento Gonçalves,0,473,390,863,-29.127382352941176,-51.56717058823529,127775
86428,4302154,Boa Vista Das Missões,0,4,3,7,-27.686457142857144,-53.32345,1969
85430,4302204,Boa Vista Do Buricá,0,20,11,31,-27.673372727272728,-54.09835454545455,7125
89044,4302220,Boa Vista Do Cadeado,0,13,1,14,-28.623844444444444,-53.82578518518518,2271
89060,4302238,Boa Vista Do Incra,0,82,4,86,-28.872629166666666,-53.46053333333333,2315
88161,4302253,Boa Vista Do Sul,0,4,5,9,-29.36022142857143,-51.66967857142857,2815
85456,4302303,Bom Jesus,0,15,7,22,-28.57141395348837,-50.45688139534884,11431
98230,4302352,Bom Princípio,0,73,44,117,-29.466680000000004,-51.36345,13650
86444,4302378,Bom Progresso,0,27,9,36,-27.546599999999998,-53.850433333333335,2134
85472,4302402,Bom Retiro Do Sul,0,61,27,88,-29.62515,-51.929925,12578
84921,4302451,Boqueirão Do Leão,0,577,27,604,-29.311473333333332,-52.420946666666666,6215
85499,4302501,Bossoroca,0,13,8,21,-28.638305263157893,-54.983984210526316,5988
89087,4302584,Bozano,0,6,4,10,-28.35245833333333,-53.7449,2195
85510,4302600,Braga,0,2,1,3,-27.593590909090906,-53.74865454545454,3326
85065,4302659,Brochier,0,17,9,26,-29.537110000000002,-51.62952,5079
85537,4302709,Butiá,0,58,39,97,-30.161428125,-51.9948625,19433
85553,4302808,Caçapava Do Sul,0,76,59,135,-30.594092156862747,-53.44934509803922,33508
85570,4302907,Cacequi,0,13,10,23,-29.919920833333332,-54.80656041666666,11324
85596,4303004,Cachoeira Do Sul,0,562,196,758,-30.204661403508773,-52.97433157894737,82250
85618,4303103,Cachoeirinha,0,875,545,1420,-29.91598888888889,-51.10137777777778,141303
85634,4303202,Cacique Doble,0,8,7,15,-27.80219375,-51.6840875,4694
85650,4303301,Caibaté,0,8,5,13,-28.335382352941178,-54.661688235294115,4797
85677,4303400,Caiçara,0,9,5,14,-27.237058333333334,-53.46985833333333,4933
85693,4303509,Camaquã,0,163,95,258,-30.911536,-51.829409999999996,63959
85960,4303558,Camargo,0,10,8,18,-28.622410000000002,-52.225840000000005,3056
85715,4303608,Cambará Do Sul,0,11,9,20,-29.04817878787879,-50.16095151515152,6492
86460,4303673,Campestre Da Serra,0,7,8,15,-28.723065217391305,-51.111304347826085,3311
85731,4303707,Campina Das Missões,0,14,9,23,-27.96499411764706,-54.8229,6001
85758,4303806,Campinas Do Sul,0,10,8,18,-27.719466666666666,-52.64966666666667,5390
85774,4303905,Campo Bom,0,349,226,575,-29.665319999999998,-51.05269,64704
85790,4304002,Campo Novo,0,8,4,12,-27.66922857142857,-53.833621428571426,5068
85200,4304101,Campos Borges,0,330,4,334,-28.916206666666668,-53.04124,3693
85812,4304200,Candelária,0,3068,114,3182,-29.710984615384614,-52.77605384615385,29783
85839,4304309,Cândido Godói,0,17,8,25,-27.926253846153845,-54.73010769230769,6421
86487,4304358,Candiota,0,22,11,33,-31.587970370370368,-53.750366666666665,10992
85855,4304408,Canela,0,221,161,382,-29.347564705882352,-50.775429411764705,50613
85871,4304507,Canguçu,0,76,49,125,-31.226011627906974,-52.6561,50998
85898,4304606,Canoas,0,2106,1587,3693,-29.9168,-51.1749375,359554
89109,4304614,Canudos Do Vale,0,20,2,22,-29.3247875,-52.2474,1687
89125,4304622,Capão Bonito Do Sul,0,2,0,2,-28.156282608695655,-51.38000869565217,1769
89150,4304630,Capão Da Canoa,0,484,259,743,-29.69954285714286,-50.01278571428571,66012
89141,4304655,Capão Do Cipó,0,3,3,6,-28.949055172413793,-54.60162068965517,3186
89737,4304663,Capão Do Leão,0,81,69,150,-31.85580909090909,-52.54067727272727,27389
84891,4304689,Capela De Santana,0,43,31,74,-29.71017857142857,-51.361407142857146,11416
86509,4304697,Capitão,0,5,2,7,-29.289775,-51.990075,2991
88200,4304671,Capivari Do Sul,0,11,7,18,-30.163758823529413,-50.51081764705882,4079
88340,4304713,Caraá,0,19,10,29,-29.75736153846154,-50.34307692307693,7553
85910,4304705,Carazinho,0,245,128,373,-28.267353571428572,-52.86185,63638
85936,4304804,Carlos Barbosa,0,158,126,284,-29.320956250000002,-51.49329375,31528
86525,4304853,Carlos Gomes,0,1,0,1,-27.7082875,-51.936975000000004,1387
85952,4304903,Casca,0,27,15,42,-28.589199999999998,-51.97580625,9689
85880,4304952,Caseiros,0,6,0,6,-28.24828,-51.762215000000005,3064
85979,4305009,Catuípe,0,18,11,29,-28.173015384615383,-54.038730769230774,8840
85995,4305108,Caxias Do Sul,0,2139,1702,3841,-29.09593333333333,-51.03019761904763,479256
86541,4305116,Centenário,0,10,4,14,-27.765072727272727,-51.99615454545455,2779
88641,4305124,Cerrito,0,12,11,23,-31.753157894736844,-52.77493157894737,5915
86088,4305132,Cerro Branco,0,338,5,343,-29.63351111111111,-53.00947777777778,3865
85227,4305157,Cerro Grande,0,9,1,10,-27.62879090909091,-53.14824545454546,2429
85944,4305173,Cerro Grande Do Sul,0,9,12,21,-30.58686,-51.76130666666666,9343
86010,4305207,Cerro Largo,0,38,29,67,-28.1421,-54.73755,14009
86037,4305306,Chapada,0,51,39,90,-28.10061923076923,-53.123280769230774,9748
86932,4305355,Charqueadas,0,130,89,219,-30.00109230769231,-51.551361538461535,36109
86568,4305371,Charrua,0,1,0,1,-27.951666666666668,-51.994175000000006,2807
86053,4305405,Chiapetta,0,15,57,72,-28.003688235294117,-53.912176470588236,3992
88846,4305439,Chuí,0,17,14,31,-33.65885,-53.432275,6405
88269,4305447,Chuvisca,0,10,8,18,-30.783485714285714,-52.008871428571425,4686
85804,4305454,Cidreira,0,70,55,125,-30.114993333333334,-50.27222666666667,17538
86070,4305504,Ciríaco,0,11,2,13,-28.350005555555555,-51.90747777777778,4215
86584,4305587,Colinas,0,7,7,14,-29.38868,-51.880280000000006,2474
86096,4305603,Colorado,0,13,2,15,-28.47336875,-52.9958125,3319
86118,4305702,Condor,0,29,6,35,-28.162227777777776,-53.48139444444445,6539
86134,4305801,Constantina,0,34,16,50,-27.681364705882356,-52.99560588235294,10623
89168,4305835,Coqueiro Baixo,0,0,2,2,-29.171322222222223,-52.13078888888889,1311
86606,4305850,Coqueiros Do Sul,0,12,6,18,-28.126583333333333,-52.76860833333333,2251
86622,4305871,Coronel Barros,0,9,3,12,-28.41519285714286,-54.067257142857144,2892
86150,4305900,Coronel Bicaco,0,8,9,17,-27.78033333333333,-53.66560555555556,6230
89184,4305934,Coronel Pilar,0,5,6,11,-29.26790909090909,-51.72441818181819,1638
89770,4305959,Cotiporã,0,17,11,28,-29.016383333333334,-51.689275,3926
86649,4305975,Coxilha,0,60,5,65,-28.117033333333335,-52.3436,2719
86177,4306007,Crissiumal,0,22,28,50,-27.4969125,-54.143893750000004,13127
85464,4306056,Cristal,0,6,5,11,-31.014325925925927,-52.02118148148148,7454
88528,4306072,Cristal Do Sul,0,5,4,9,-27.438566666666667,-53.24651111111111,2746
86193,4306106,Cruz Alta,0,189,83,272,-28.712172972972972,-53.5514,60486
89206,4306130,Cruzaltense,0,4,3,7,-27.630419999999997,-52.65560000000001,1655
86215,4306205,Cruzeiro Do Sul,0,68,19,87,-29.548175,-52.04055833333334,12571
86231,4306304,David Canabarro,0,12,8,20,-28.419058333333336,-51.81545,4403
86665,4306320,Derrubadas,0,8,2,10,-27.240405263157893,-53.91804736842105,2797
85049,4306353,Dezesseis De Novembro,0,4,4,8,-28.18606,-55.0892,2544
88188,4306379,Dilermando De Aguiar,0,3,1,4,-29.842728571428573,-54.14977142857143,2859
86258,4306403,Dois Irmãos,0,178,97,275,-29.61377142857143,-51.09177142857143,31769
86681,4306429,Dois Irmãos Das Missões,0,4,0,4,-27.673886666666665,-53.48449333333333,2133
84824,4306452,Dois Lajeados,0,11,1,12,-28.97696666666667,-51.84457777777778,3158
86274,4306502,Dom Feliciano,0,23,18,41,-30.621725,-52.18710625,13291
86290,4306601,Dom Pedrito,0,48,9,57,-31.01885238095238,-54.60556507936508,38094
88463,4306551,Dom Pedro De Alcântara,0,10,4,14,-29.371544444444446,-49.84861111111111,2617
86312,4306700,Dona Francisca,0,46,8,54,-29.579136363636362,-53.34854545454546,3136
84883,4306734,Doutor Maurício Cardoso,0,14,7,21,-27.489475,-54.376456250000004,4542
88307,4306759,Doutor Ricardo,0,1,1,2,-29.083345454545455,-51.978981818181815,1925
86240,4306767,Eldorado Do Sul,0,124,95,219,-30.076741666666667,-51.48462916666667,40954
86339,4306809,Encantado,0,81,39,120,-29.215100000000003,-51.926224999999995,23494
86355,4306908,Encruzilhada Do Sul,0,122,46,168,-30.572683333333334,-52.64522037037037,24280
86703,4306924,Engenho Velho,0,3,3,6,-27.68057,-52.91067,1317
85103,4306932,Entre-Ijuís,0,20,14,34,-28.460003703703705,-54.288829629629625,9364
85928,4306957,Entre Rios Do Sul,0,8,7,15,-27.524618181818184,-52.73294545454546,2731
85081,4306973,Erebango,0,2,1,3,-27.8169,-52.31776666666667,3121
86371,4307005,Erechim,0,325,210,535,-27.6614,-52.26134736842105,109497
85022,4307054,Ernestina,0,19,7,26,-28.43860714285714,-52.56580714285714,3097
86410,4307203,Erval Grande,0,11,5,16,-27.36646470588235,-52.584929411764705,5029
86436,4307302,Erval Seco,0,13,7,20,-27.507361904761904,-53.532676190476195,6902
86452,4307401,Esmeralda,0,2,1,3,-28.016590322580647,-51.19931935483871,3264
88285,4307450,Esperança Do Sul,0,10,28,38,-27.3294,-54.01720769230769,3294
86479,4307500,Espumoso,0,463,27,490,-28.835800000000003,-52.87268076923077,15478
85286,4307559,Estação,0,17,7,24,-27.937433333333335,-52.290911111111114,5688
86495,4307609,Estância Velha,0,310,217,527,-29.6560375,-51.184087500000004,49440
86517,4307708,Esteio,0,504,434,938,-29.85786,-51.17376,78181
86533,4307807,Estrela,0,208,78,286,-29.49400833333333,-51.916925,33243
88404,4307815,Estrela Velha,0,121,6,127,-29.23841764705882,-53.175105882352945,3120
85448,4307831,Eugênio De Castro,0,5,3,8,-28.567522222222223,-54.254894444444446,2685
84930,4307864,Fagundes Varela,0,3,5,8,-28.881383333333332,-51.71811666666667,2620
86550,4307906,Farroupilha,0,422,254,676,-29.209500000000002,-51.379705263157895,72477
86576,4308003,Faxinal Do Soturno,0,117,16,133,-29.552623076923076,-53.4695,6846
86029,4308052,Faxinalzinho,0,3,1,4,-27.38858181818182,-52.67102727272727,2572
88366,4308078,Fazenda Vilanova,0,13,10,23,-29.5921,-51.84594444444444,4399
86592,4308102,Feliz,0,59,49,108,-29.44991818181818,-51.2739,13979
86614,4308201,Flores Da Cunha,0,166,126,292,-29.03790714285714,-51.23172857142857,31973
88242,4308250,Floriano Peixoto,0,6,2,8,-27.857023076923078,-52.04475384615385,1694
86630,4308300,Fontoura Xavier,0,66,3,69,-29.03853888888889,-52.367605555555556,9721
86657,4308409,Formigueiro,0,8,0,8,-29.970215000000003,-53.48791,6533
89222,4308433,Forquetinha,0,25,6,31,-29.390840000000004,-52.13529,2441
98272,4308458,Fortaleza Dos Valos,0,153,4,157,-28.916554838709676,-53.318306451612905,4569
86673,4308508,Frederico Westphalen,0,163,72,235,-27.343442857142858,-53.35420714285714,33684
86690,4308607,Garibaldi,0,133,104,237,-29.253163636363638,-51.59130909090909,35522
86720,4308656,Garruchos,0,7,0,7,-28.244382142857145,-55.54525,2729
86711,4308706,Gaurama,0,15,12,27,-27.59828333333333,-52.11416666666667,5780
86738,4308805,General Câmara,0,20,8,28,-29.855833333333333,-51.89830476190476,7751
86746,4308854,Gentil,0,2,3,5,-28.37695,-52.05735,1783
86770,4308904,Getúlio Vargas,0,66,30,96,-27.868475,-52.1763625,16950
86797,4309001,Giruá,0,24,16,40,-28.0226,-54.32003913043478,16282
85502,4309050,Glorinha,0,47,28,75,-29.87651333333333,-50.75612,7842
86819,4309100,Gramado,0,241,131,372,-29.39493125,-50.886975,41621
86762,4309126,Gramado Dos Loureiros,0,4,2,6,-27.45319,-52.91398,2049
86789,4309159,Gramado Xavier,0,279,8,287,-29.29837,-52.598040000000005,3356
86835,4309209,Gravataí,0,1275,790,2065,-29.89738823529412,-50.929529411764705,275294
84867,4309258,Guabiju,0,1,1,2,-28.59268,-51.65997,1442
86851,4309308,Guaíba,0,360,284,644,-30.181875,-51.4324375,95956
86878,4309407,Guaporé,0,81,52,133,-28.858622222222223,-51.89180555555556,26138
86894,4309506,Guarani Das Missões,0,13,14,27,-28.186715384615386,-54.59066153846153,7553
85189,4309555,Harmonia,0,30,24,54,-29.549885714285715,-51.42937142857143,5524
86398,4307104,Herval,0,15,9,24,-32.006322857142855,-53.34766857142857,6307
88323,4309571,Herveiras,0,210,7,217,-29.457688888888885,-52.68044444444445,2608
86916,4309605,Horizontina,0,53,47,100,-27.60157272727273,-54.29970909090909,19246
86800,4309654,Hulha Negra,0,15,20,35,-31.479323076923077,-53.89125,6102
86959,4309704,Humaitá,0,14,10,24,-27.58311666666667,-53.988416666666666,4774
84972,4309753,Ibarama,0,311,5,316,-29.41346923076923,-53.17706153846154,3793
86975,4309803,Ibiaçá,0,26,6,32,-28.103531578947365,-51.78311052631579,4618
86991,4309902,Ibiraiaras,0,14,6,20,-28.385495,-51.627739999999996,6830
84964,4309951,Ibirapuitã,0,35,4,39,-28.618906666666664,-52.46353333333333,3793
87017,4310009,Ibirubá,0,170,37,207,-28.58102105263158,-53.18664210526316,22082
87033,4310108,Igrejinha,0,157,65,222,-29.559261538461538,-50.78811538461538,34763
87050,4310207,Ijuí,0,386,218,604,-28.320228571428572,-53.90215,87775
87076,4310306,Ilópolis,0,15,2,17,-28.930588888888888,-52.14358888888889,4245
85685,4310330,Imbé,0,122,83,205,-29.938185714285712,-50.12192857142857,27931
85782,4310363,Imigrante,0,16,4,20,-29.346836363636363,-51.76511818181818,3148
87092,4310405,Independência,0,7,4,11,-27.88722,-54.19448666666666,6558
86827,4310413,Inhacorá,0,3,3,6,-27.911309090909093,-54.026399999999995,2049
84999,4310439,Ipê,0,19,13,32,-28.72944,-51.29733,5496
85243,4310462,Ipiranga Do Sul,0,7,4,11,-27.930475,-52.42675,1750
87114,4310504,Iraí,0,25,14,39,-27.25555,-53.24521,7624
88382,4310538,Itaara,0,20,16,36,-29.567209090909092,-53.76812727272727,5706
85901,4310553,Itacurubi,0,2,0,2,-28.813489285714287,-55.24406071428571,3042
86843,4310579,Itapuca,0,5,0,5,-28.7702,-52.19797272727272,1967
87130,4310603,Itaqui,0,67,55,122,-29.222350704225352,-56.120964788732394,36830
89249,4310652,Itati,0,29,13,42,-29.424983333333337,-50.16148333333334,2695
87157,4310702,Itatiba Do Sul,0,9,2,11,-27.33673125,-52.47893125,3249
85626,4310751,Ivorá,0,9,0,9,-29.51892,-53.562599999999996,1964
87173,4310801,Ivoti,0,156,95,251,-29.587587499999998,-51.1568,23533
84786,4310850,Jaboticaba,0,15,11,26,-27.61771428571429,-53.27177857142857,3850
89265,4310876,Jacuizinho,0,72,11,83,-29.052958823529412,-53.014752941176475,2070
87190,4310900,Jacutinga,0,3,0,3,-27.770466666666668,-52.533366666666666,3401
87211,4311007,Jaguarão,0,98,69,167,-32.42277297297298,-53.31670540540541,27406
87238,4311106,Jaguari,0,28,13,41,-29.45737857142857,-54.633989285714286,10779
84905,4311122,Jaquirana,0,3,4,7,-28.954829032258065,-50.3318,3755
88587,4311130,Jari,0,1,0,1,-29.284284615384614,-54.276842307692306,3414
98299,4311155,Jóia,0,14,2,16,-28.773313793103448,-54.14241034482758,7305
87254,4311205,Júlio De Castilhos,0,45,17,62,-29.292013333333333,-53.60597111111111,18557
89281,4311239,Lagoa Bonita Do Sul,0,208,2,210,-29.5073,-53.036775,2287
86886,4311270,Lagoa Dos Três Cantos,0,73,2,75,-28.572107692307693,-52.84232307692308,1779
87270,4311304,Lagoa Vermelha,0,46,23,69,-28.219322033898305,-51.49288644067797,28617
85260,4311254,Lagoão,0,550,3,553,-29.24485333333333,-52.7934,5429
87297,4311403,Lajeado,0,464,204,668,-29.4411,-52.01589,96651
86860,4311429,Lajeado Do Bugre,0,5,1,6,-27.697766666666666,-53.20618888888889,2660
87319,4311502,Lavras Do Sul,0,8,8,16,-30.744755172413793,-54.17020689655172,7294
87335,4311601,Liberato Salzano,0,9,9,18,-27.564026666666667,-53.04654666666667,4854
86908,4311627,Lindolfo Collor,0,20,14,34,-29.589633333333335,-51.21635,6409
86924,4311643,Linha Nova,0,6,6,12,-29.45247142857143,-51.216257142857145,1720
88447,4311718,Maçambará,0,9,2,11,-29.073080952380955,-55.67899047619048,4487
87351,4311700,Machadinho,0,4,1,5,-27.589094736842107,-51.68294210526316,5864
88943,4311734,Mampituba,0,5,4,9,-29.264436363636364,-49.97523636363637,3201
86940,4311759,Manoel Viana,0,14,9,23,-29.404993939393936,-55.58062424242424,6917
86967,4311775,Maquiné,0,20,8,28,-29.63547142857143,-50.21721904761905,7588
86983,4311791,Maratá,0,12,4,16,-29.55982857142857,-51.54295714285714,2521
87378,4311809,Marau,0,169,119,288,-28.466145454545455,-52.26172727272727,46656
87394,4311908,Marcelino Ramos,0,8,5,13,-27.467125,-51.95821875,4389
87009,4311981,Mariana Pimentel,0,3,6,9,-30.31494117647059,-51.59625882352941,4003
87416,4312005,Mariano Moro,0,3,1,4,-27.364166666666666,-52.1652,1888
88820,4312054,Marques De Souza,0,25,5,30,-29.305993333333333,-52.132780000000004,4050
87432,4312104,Mata,0,6,4,10,-29.53598,-54.45404,4786
87025,4312138,Mato Castelhano,0,23,14,37,-28.271285714285714,-52.18862857142857,2610
87041,4312153,Mato Leitão,0,35,10,45,-29.523657142857143,-52.13185714285714,4990
89303,4312179,Mato Queimado,0,0,0,0,-28.248481818181816,-54.66110909090909,1833
87459,4312203,Maximiliano De Almeida,0,6,3,9,-27.596245454545453,-51.81173636363637,4258
87068,4312252,Minas Do Leão,0,17,12,29,-30.055026315789473,-52.071247368421055,7661
87475,4312302,Miraguaí,0,28,19,47,-27.508625,-53.7392375,4506
85820,4312351,Montauri,0,2,0,2,-28.66395714285714,-52.06155714285715,1530
88803,4312377,Monte Alegre Dos Campos,0,7,5,12,-28.706454545454548,-50.80764545454545,3250
87084,4312385,Monte Belo Do Sul,0,9,3,12,-29.129550000000002,-51.664325,2609
87491,4312401,Montenegro,0,308,165,473,-29.70587619047619,-51.49738095238095,66295
87106,4312427,Mormaço,0,29,3,32,-28.677640000000004,-52.67040000000001,2815
87122,4312443,Morrinhos Do Sul,0,25,21,46,-29.334308333333336,-49.954825,3134
86185,4312450,Morro Redondo,0,11,8,19,-31.64977692307692,-52.63727692307692,6169
87149,4312476,Morro Reuter,0,12,11,23,-29.521258333333336,-51.04228333333333,6163
87513,4312500,Mostardas,0,23,19,42,-30.937289655172414,-50.84925862068965,12346
87530,4312609,Muçum,0,10,2,12,-29.13747692307692,-51.827569230769235,4694
88544,4312617,Muitos Capões,0,1,0,1,-28.381578571428573,-51.24035357142857,2938
87165,4312625,Muliterno,0,2,1,3,-28.31318333333333,-51.78301666666667,1755
87556,4312658,Não-Me-Toque,0,152,56,208,-28.474933333333336,-52.84076666666667,18314
87181,4312674,Nicolau Vergueiro,0,2,2,4,-28.534066666666664,-52.454791666666665,1979
87572,4312708,Nonoai,0,18,14,32,-27.36090882352941,-52.872685294117645,14056
86169,4312757,Nova Alvorada,0,20,5,25,-28.68651,-52.16627999999999,3229
87599,4312807,Nova Araçá,0,15,13,28,-28.654739999999997,-51.7641,5086
87610,4312906,Nova Bassano,0,31,27,58,-28.72902222222222,-51.75445555555555,9877
87203,4312955,Nova Boa Vista,0,6,2,8,-28.001399999999997,-52.97564285714286,2088
87637,4313003,Nova Bréscia,0,16,6,22,-29.22126,-52.02374,3105
88226,4313011,Nova Candelária,0,10,8,18,-27.59861,-54.12866,3134
85120,4313037,Nova Esperança Do Sul,0,15,10,25,-29.40331666666667,-54.82649166666667,4974
84816,4313060,Nova Hartz,0,68,36,104,-29.58856,-50.90571,20539
87220,4313086,Nova Pádua,0,19,16,35,-28.9894125,-51.3161125,2390
87653,4313102,Nova Palma,0,113,5,118,-29.43749375,-53.40645625,5683
87670,4313201,Nova Petrópolis,0,141,115,256,-29.376931578947367,-51.099057894736845,23889
87696,4313300,Nova Prata,0,72,55,127,-28.75412307692308,-51.62663846153846,26587
88560,4313334,Nova Ramada,0,3,3,6,-28.072775000000004,-53.7192,2201
84751,4313359,Nova Roma Do Sul,0,8,6,14,-29.013700000000004,-51.39910909090909,3543
87246,4313375,Nova Santa Rita,0,158,119,277,-29.844553333333334,-51.2903,30121
87262,4313490,Novo Barreiro,0,5,3,8,-27.896325,-53.11099166666667,4371
88684,4313391,Novo Cabrais,0,267,6,273,-29.776415384615383,-53.00187692307692,3636
87718,4313409,Novo Hamburgo,0,1338,984,2322,-29.716122222222225,-51.08122777777778,235879
87289,4313425,Novo Machado,0,6,6,12,-27.543353333333336,-54.53072,3246
87300,4313441,Novo Tiradentes,0,4,3,7,-27.57461111111111,-53.17052222222222,2188
89320,4313466,Novo Xingu,0,2,4,6,-27.750481818181814,-53.06137272727273,1678
87734,4313508,Osório,0,215,144,359,-29.916030769230765,-50.25152692307692,48929
87750,4313607,Paim Filho,0,7,3,10,-27.722236363636362,-51.765172727272734,3691
89672,4313656,Palmares Do Sul,0,37,23,60,-30.355546153846152,-50.516246153846154,13170
87777,4313706,Palmeira Das Missões,0,141,67,208,-27.955283333333334,-53.35886428571428,34233
87793,4313805,Palmitinho,0,27,11,38,-27.325166666666664,-53.59079166666667,8032
87815,4313904,Panambi,0,193,134,327,-28.348955,-53.556349999999995,45042
84980,4313953,Pantano Grande,0,150,33,183,-30.264115384615383,-52.3557576923077,10438
87831,4314001,Paraí,0,18,14,32,-28.595139999999997,-51.79716,7357
85987,4314027,Paraíso Do Sul,0,93,14,107,-29.680223529411766,-53.115729411764704,6635
87327,4314035,Pareci Novo,0,21,12,33,-29.622216666666663,-51.421166666666664,4433
98256,4314050,Parobé,0,239,119,358,-29.66099090909091,-50.85436363636364,53555
88889,4314068,Passa Sete,0,230,5,235,-29.420793333333332,-52.85863333333334,4036
87343,4314076,Passo Do Sobrado,0,384,6,390,-29.74780714285714,-52.22466428571429,6154
87858,4314100,Passo Fundo,0,1112,625,1737,-28.28217,-52.42667333333334,214564
89346,4314134,Paulo Bento,0,2,1,3,-27.709791666666664,-52.396425,2188
85146,4314159,Paverama,0,22,25,47,-29.579385714285714,-51.72180714285714,8146
89567,4314175,Pedras Altas,0,3,0,3,-31.831575,-53.706840625,2100
87874,4314209,Pedro Osório,0,23,17,40,-31.95512222222222,-52.90425,7634
87890,4314308,Pejuçara,0,10,9,19,-28.455278947368424,-53.591405263157895,3819
87912,4314407,Pelotas,0,960,827,1787,-31.5432945945946,-52.317208108108105,336131
87360,4314423,Picada Café,0,31,21,52,-29.46314166666667,-51.09363333333334,5470
85340,4314456,Pinhal,0,7,0,7,-27.5299875,-53.239425,3034
89362,4314464,Pinhal Da Serra,0,0,0,0,-27.84563,-51.237649999999995,2299
87386,4314472,Pinhal Grande,0,42,2,44,-29.2932,-53.32506111111111,3867
87408,4314498,Pinheirinho Do Vale,0,6,3,9,-27.213825,-53.648066666666665,4637
87939,4314506,Pinheiro Machado,0,17,17,34,-31.397706,-53.409946,11409
89540,4314548,Pinto Bandeira,0,4,3,7,-29.0942125,-51.455124999999995,2784
84778,4314555,Pirapó,0,2,2,4,-28.07625294117647,-55.24282941176471,2260
87955,4314605,Piratini,0,36,25,61,-31.45739649122807,-53.091901754385965,17792
87971,4314704,Planalto,0,38,16,54,-27.351853333333334,-53.088420000000006,10624
86126,4314753,Poço Das Antas,0,7,6,13,-29.444555555555553,-51.6409,2222
87424,4314779,Pontão,0,10,3,13,-28.041578947368418,-52.66934736842105,3350
87440,4314787,Ponte Preta,0,6,0,6,-27.665172727272726,-52.52018181818182,1604
87998,4314803,Portão,0,202,141,343,-29.699392857142858,-51.24697142857143,35237
88013,4314902,Porto Alegre,0,6837,4940,11777,-30.08593913043478,-51.16454347826087,1389322
88030,4315008,Porto Lucena,0,3,5,8,-27.848514285714288,-54.95648571428571,4424
87467,4315057,Porto Mauá,0,2,1,3,-27.579829999999998,-54.66052,2176
87483,4315073,Porto Vera Cruz,0,4,4,8,-27.751783333333332,-54.90110833333333,1585
88056,4315107,Porto Xavier,0,18,18,36,-27.9245,-55.1444,10132
85421,4315131,Pouso Novo,0,9,2,11,-29.168599999999998,-52.21785833333333,1773
87505,4315149,Presidente Lucena,0,10,8,18,-29.527925,-51.167474999999996,3159
84760,4315156,Progresso,0,261,9,270,-29.220074999999998,-52.31725,5430
85405,4315172,Protásio Alves,0,1,1,2,-28.74305,-51.486270000000005,2069
88072,4315206,Putinga,0,10,2,12,-29.051666666666666,-52.136983333333326,3814
88099,4315305,Quaraí,0,48,28,76,-30.263930434782605,-56.152854347826086,23988
89389,4315313,Quatro Irmãos,0,2,2,4,-27.83610909090909,-52.457913636363635,1579
87521,4315321,Quevedos,0,6,2,8,-29.306736842105263,-54.07094210526316,2555
84875,4315354,Quinze De Novembro,0,72,4,76,-28.76326,-53.13995333333333,4000
88110,4315404,Redentora,0,7,6,13,-27.583135294117646,-53.64262941176471,9934
85766,4315453,Relvado,0,7,1,8,-29.123933333333337,-52.05244444444444,1828
88137,4315503,Restinga Sêca,0,52,10,62,-29.824475862068965,-53.33529310344828,15213
87548,4315552,Rio Dos Índios,0,2,3,5,-27.251092857142854,-52.89149285714286,2874
88153,4315602,Rio Grande,0,948,693,1641,-32.13140666666666,-52.35792888888889,198958
88170,4315701,Rio Pardo,0,540,53,593,-30.051524074074077,-52.419155555555555,35666
85740,4315750,Riozinho,0,104,20,124,-29.622515384615383,-50.40057692307692,4572
88196,4315800,Roca Sales,0,31,9,40,-29.254673333333336,-51.822826666666664,10644
88218,4315909,Rodeio Bonito,0,29,9,38,-27.46916,-53.17767,6821
89400,4315958,Rolador,0,4,1,5,-28.256006666666668,-54.84422666666667,2332
88234,4316006,Rolante,0,104,39,143,-29.62088,-50.53497333333333,21733
88250,4316105,Ronda Alta,0,37,25,62,-27.823435,-52.751705,9972
88277,4316204,Rondinha,0,12,8,20,-27.828666666666667,-52.889113333333334,5083
88293,4316303,Roque Gonzales,0,8,11,19,-28.060508,-55.102896,6698
88315,4316402,Rosário Do Sul,0,146,69,215,-30.33549565217391,-55.085447826086956,37700
87564,4316428,Sagrada Família,0,5,1,6,-27.71347272727273,-53.13722727272727,2529
85561,4316436,Saldanha Marinho,0,13,3,16,-28.392864285714285,-53.09042857142857,2621
89753,4316451,Salto Do Jacuí,0,209,23,232,-29.08366,-53.249,10373
87580,4316477,Salvador Das Missões,0,2,2,4,-28.0932,-54.835455555555555,2953
88331,4316501,Salvador Do Sul,0,42,28,70,-29.454045454545454,-51.53597272727273,7182
88358,4316600,Sananduva,0,50,28,78,-27.941399999999998,-51.81192,16759
88455,4317103,Sant Ana Do Livramento,0,235,74,309,-30.7479511627907,-55.563047674418605,87296
88374,4316709,Santa Bárbara Do Sul,0,23,10,33,-28.36745357142857,-53.27108928571429,8275
89247,4316733,Santa Cecília Do Sul,0,2,1,3,-28.1830875,-51.901112499999996,1710
87602,4316758,Santa Clara Do Sul,0,38,14,52,-29.45937777777778,-52.11517777777778,7067
88390,4316808,Santa Cruz Do Sul,0,9363,469,9832,-29.62386923076923,-52.42204615384615,138104
89443,4316972,Santa Margarida Do Sul,0,9,4,13,-30.3827,-54.074012,2658
88412,4316907,Santa Maria,0,1262,667,1929,-29.763728571428572,-53.83733095238095,282244
86207,4316956,Santa Maria Do Herval,0,16,14,30,-29.476546666666668,-50.98016,6482
88471,4317202,Santa Rosa,0,203,190,393,-27.84260952380952,-54.49131904761905,79395
87629,4317251,Santa Tereza,0,6,3,9,-29.16634,-51.702189999999995,1531
88498,4317301,Santa Vitória Do Palmar,0,68,48,116,-33.19968863636364,-53.12372272727273,31961
88439,4317004,Santana Da Boa Vista,0,14,11,25,-30.77663076923077,-53.1890641025641,7140
88510,4317400,Santiago,0,144,77,221,-29.14126046511628,-54.75651627906977,50331
88536,4317509,Santo Ângelo,0,209,129,338,-28.260900000000003,-54.323208,79130
88552,4317608,Santo Antônio Da Patrulha,0,167,92,259,-29.84340740740741,-50.56568518518519,44393
88579,4317707,Santo Antônio Das Missões,0,19,10,29,-28.462589473684208,-55.40674736842105,10493
87645,4317558,Santo Antônio Do Palma,0,3,1,4,-28.5013,-51.99059090909091,2134
87661,4317756,Santo Antônio Do Planalto,0,10,5,15,-28.352284615384615,-52.66669230769231,2136
88595,4317806,Santo Augusto,0,35,19,54,-27.902445,-53.749445,14196
88617,4317905,Santo Cristo,0,39,20,59,-27.800125,-54.71914375,15656
87688,4317954,Santo Expedito Do Sul,0,4,2,6,-27.908749999999998,-51.652559999999994,2395
88633,4318002,São Borja,0,160,67,227,-28.720640983606557,-55.77739672131147,61323
84832,4318051,São Domingos Do Sul,0,6,3,9,-28.526233333333337,-51.8803,2808
88650,4318101,São Francisco De Assis,0,43,27,70,-29.455354545454544,-55.155595454545455,17949
88676,4318200,São Francisco De Paula,0,48,43,91,-29.23909655172414,-50.507275862068965,22373
88692,4318309,São Gabriel,0,186,100,286,-30.327651948051944,-54.3348,60102
88714,4318408,São Jerônimo,0,65,46,111,-30.254730000000002,-51.8853475,21421
84859,4318424,São João Da Urtiga,0,15,6,21,-27.791683333333335,-51.84723333333333,4549
87700,4318432,São João Do Polêsine,0,68,6,74,-29.632233333333335,-53.467777777777776,2707
84794,4318440,São Jorge,0,3,2,5,-28.49450909090909,-51.70479090909091,2976
87769,4318457,São José Das Missões,0,3,3,6,-27.79202,-53.13409,2403
85588,4318465,São José Do Herval,0,14,3,17,-29.067149999999998,-52.267759999999996,1934
85324,4318481,São José Do Hortêncio,0,31,16,47,-29.536622222222224,-51.245444444444445,4551
87742,4318499,São José Do Inhacorá,0,8,2,10,-27.738229999999998,-54.12611,2463
88730,4318507,São José Do Norte,0,83,33,116,-31.767405555555555,-51.705597222222224,26245
88757,4318606,São José Do Ouro,0,15,10,25,-27.759736842105266,-51.56232631578947,6978
89460,4318614,São José Do Sul,0,11,9,20,-29.550225,-51.4796,2440
87726,4318622,São José Dos Ausentes,0,1,0,1,-28.664566666666666,-49.951053333333334,4286
88773,4318705,São Leopoldo,0,1101,888,1989,-29.746181818181814,-51.1507,225669
88790,4318804,São Lourenço Do Sul,0,90,57,147,-31.228265853658534,-52.090746341463415,43283
88811,4318903,São Luiz Gonzaga,0,79,38,117,-28.402197872340423,-54.8800340425532,35858
88838,4319000,São Marcos,0,73,66,139,-28.966324999999998,-51.076125,21537
88854,4319109,São Martinho,0,8,3,11,-27.73218125,-53.956481249999996,5589
87785,4319125,São Martinho Da Serra,0,3,3,6,-29.49928947368421,-53.89770526315789,2911
85480,4319158,São Miguel Das Missões,0,12,5,17,-28.664382857142858,-54.52583428571428,7196
88870,4319208,São Nicolau,0,9,4,13,-28.19369230769231,-55.26058076923077,5248
88897,4319307,São Paulo Das Missões,0,13,7,20,-27.981676923076922,-54.98896153846154,5948
87807,4319356,São Pedro Da Serra,0,10,6,16,-29.419014285714287,-51.522128571428574,3614
89486,4319364,São Pedro Das Missões,0,3,3,6,-27.766885714285714,-53.241328571428575,1791
87823,4319372,São Pedro Do Butiá,0,11,9,20,-28.12267142857143,-54.902857142857144,3139
88919,4319406,São Pedro Do Sul,0,53,25,78,-29.600648,-54.243876,15870
88935,4319505,São Sebastião Do Caí,0,91,56,147,-29.599608333333332,-51.333825,24883
88951,4319604,São Sepé,0,39,22,61,-30.186775510204082,-53.62754693877551,21575
88978,4319703,São Valentim,0,3,1,4,-27.538229411764707,-52.569494117647054,3324
87840,4319711,São Valentim Do Sul,0,4,0,4,-29.071833333333334,-51.76347777777778,2255
87866,4319737,São Valério Do Sul,0,1,1,2,-27.81494,-53.91831,2594
85383,4319752,São Vendelino,0,7,8,15,-29.3764,-51.36622,2306
86754,4319802,São Vicente Do Sul,0,23,4,27,-29.70736666666667,-54.796409090909094,8259
88994,4319901,Sapiranga,0,411,321,732,-29.63346923076923,-50.99687692307692,77898
89010,4320008,Sapucaia Do Sul,0,759,480,1239,-29.824211111111108,-51.14031111111111,136542
89036,4320107,Sarandi,0,108,49,157,-27.9299,-52.92236521739131,23356
89052,4320206,Seberi,0,31,16,47,-27.493582352941175,-53.36344117647059,12313
85707,4320230,Sede Nova,0,5,4,9,-27.658077777777777,-53.97383333333333,2753
85529,4320263,Segredo,0,338,7,345,-29.295366666666666,-52.909933333333335,6107
89079,4320305,Selbach,0,49,12,61,-28.667160000000003,-52.96312,5220
88765,4320321,Senador Salgado Filho,0,8,4,12,-28.036011111111108,-54.544244444444445,2726
87882,4320354,Sentinela Do Sul,0,12,7,19,-30.626464285714288,-51.61714285714286,5422
89095,4320404,Serafina Corrêa,0,75,57,132,-28.685081818181814,-51.944272727272725,17379
87904,4320453,Sério,0,54,1,55,-29.4097125,-52.2300375,2093
89117,4320503,Sertão,0,24,10,34,-28.007886363636363,-52.29506818181819,5637
87920,4320552,Sertão Santana,0,12,12,24,-30.467546666666667,-51.646033333333335,5988
88706,4320578,Sete De Setembro,0,6,4,10,-28.14708181818182,-54.471954545454544,1884
89133,4320602,Severiano De Almeida,0,13,4,17,-27.41304166666667,-52.11098333333334,3467
84956,4320651,Silveira Martins,0,18,3,21,-29.63492307692308,-53.555800000000005,2060
87947,4320677,Sinimbu,0,557,22,579,-29.445204,-52.579344,8698
89176,4320701,Sobradinho,0,1019,59,1078,-29.415640000000003,-53.011919999999996,14512
89192,4320800,Soledade,0,256,40,296,-28.84791111111111,-52.53416388888889,30936
88722,4320859,Tabaí,0,19,6,25,-29.66881,-51.72709,4565
89214,4320909,Tapejara,0,110,36,146,-28.058646153846155,-52.01785384615384,25201
89230,4321006,Tapera,0,211,28,239,-28.66416666666667,-52.84650833333333,10822
89257,4321105,Tapes,0,38,19,57,-30.69222608695652,-51.41904347826087,14938
89273,4321204,Taquara,0,304,169,473,-29.66473870967742,-50.76879677419355,54360
89290,4321303,Taquari,0,92,34,126,-29.747135000000004,-51.815905,25968
85669,4321329,Taquaruçu Do Sul,0,12,4,16,-27.40542222222222,-53.48233333333334,3190
89710,4321352,Tavares,0,8,6,14,-31.24916,-51.063826666666664,5319
89311,4321402,Tenente Portela,0,26,22,48,-27.348807142857144,-53.74567857142857,14811
85162,4321436,Terra De Areia,0,46,39,85,-29.602491666666666,-50.029500000000006,10569
98213,4321451,Teutônia,0,174,94,268,-29.458729411764708,-51.7633294117647,33963
89508,4321469,Tio Hugo,0,27,5,32,-28.586827272727273,-52.597927272727276,3352
87963,4321477,Tiradentes Do Sul,0,7,11,18,-27.37614166666667,-54.11324166666666,5201
88900,4321493,Toropi,0,9,3,12,-29.4747,-54.312533333333334,2598
89338,4321501,Torres,0,204,150,354,-29.32847333333333,-49.82293333333334,43268
89354,4321600,Tramandaí,0,248,157,405,-30.038784615384618,-50.224915384615386,56296
87980,4321626,Travesseiro,0,9,0,9,-29.27349090909091,-52.10877272727273,2193
84743,4321634,Três Arroios,0,6,6,12,-27.49637142857143,-52.178,2638
85367,4321667,Três Cachoeiras,0,43,32,75,-29.461785714285714,-49.959764285714286,11216
89370,4321709,Três Coroas,0,90,60,150,-29.480561538461536,-50.79517692307692,24420
89397,4321808,Três De Maio,0,82,54,136,-27.726282608695655,-54.25201304347826,25452
88005,4321832,Três Forquilhas,0,16,17,33,-29.419016666666664,-50.075583333333334,2814
86142,4321857,Três Palmeiras,0,17,15,32,-27.61677142857143,-52.8419,4826
89419,4321907,Três Passos,0,152,161,313,-27.4402,-53.93306666666667,26284
85006,4321956,Trindade Do Sul,0,15,14,29,-27.52851875,-52.88470625,7766
89435,4322004,Triunfo,0,99,58,157,-29.844673076923076,-51.55891923076923,28414
89451,4322103,Tucunduva,0,13,11,24,-27.642456250000002,-54.436025,5649
84840,4322152,Tunas,0,73,7,80,-29.113300000000002,-52.90115714285714,3739
88021,4322186,Tupanci Do Sul,0,4,2,6,-27.93349,-51.52006,1398
89478,4322202,Tupanciretã,0,77,43,120,-29.02624772727273,-54.00774545454545,20345
85723,4322251,Tupandi,0,27,16,43,-29.475744444444445,-51.43538888888889,5160
89494,4322301,Tuparendi,0,26,12,38,-27.702906666666667,-54.54912,8536
88501,4322327,Turuçu,0,2,2,4,-31.482315789473684,-52.150694736842105,3489
88609,4322343,Ubiretama,0,3,2,5,-28.03018,-54.648720000000004,2028
88048,4322350,União Da Serra,0,10,5,15,-28.77768181818182,-52.024618181818184,1186
88480,4322376,Unistalda,0,3,1,4,-29.06891,-55.187305,2052
89516,4322400,Uruguaiana,0,961,250,1211,-29.86755,-56.706882758620694,120885
89532,4322509,Vacaria,0,147,80,227,-28.377091489361703,-50.932763829787234,66110
88064,4322533,Vale Do Sol,0,1176,17,1193,-29.571952631578945,-52.701826315789475,10080
88080,4322541,Vale Real,0,19,18,37,-29.356733333333334,-51.24891111111111,6213
88668,4322525,Vale Verde,0,83,4,87,-29.846822222222222,-52.102916666666665,3214
84913,4322558,Vanini,0,5,2,7,-28.493000000000002,-51.85057777777777,2047
89559,4322608,Venâncio Aires,0,773,180,953,-29.5725875,-52.195865625,70805
89575,4322707,Vera Cruz,0,1525,66,1591,-29.748829411764707,-52.54027647058824,27638
89591,4322806,Veranópolis,0,68,67,135,-28.962246666666665,-51.57504666666667,24540
88781,4322855,Vespasiano Corrêa,0,7,5,12,-29.081870000000002,-51.84279,1852
89613,4322905,Viadutos,0,13,5,18,-27.57315263157895,-52.008547368421056,4852
89630,4323002,Viamão,0,960,652,1612,-30.17375882352941,-50.89870588235294,232113
89656,4323101,Vicente Dutra,0,6,5,11,-27.172535714285715,-53.40725714285714,4747
89699,4323200,Victor Graeff,0,18,7,25,-28.546185,-52.686325,2832
86061,4323309,Vila Flores,0,11,13,24,-28.8584,-51.55113,3736
88749,4323358,Vila Lângaro,0,9,5,14,-28.1323,-52.140918181818186,2122
85642,4323408,Vila Maria,0,7,8,15,-28.56382,-52.15162,4512
88102,4323457,Vila Nova Do Sul,0,10,6,16,-30.36286842105263,-53.87251052631579,3935
85600,4323507,Vista Alegre,0,4,1,5,-27.311799999999998,-53.523540000000004,2712
85863,4323606,Vista Alegre Do Prata,0,2,1,3,-28.822809999999997,-51.77374,1624
85847,4323705,Vista Gaúcha,0,8,3,11,-27.2607875,-53.714574999999996,2842
88129,4323754,Vitória Das Missões,0,6,5,11,-28.35739285714286,-54.475950000000005,3318
89524,4323770,Westfalia,0,16,7,23,-29.4078125,-51.7421625,3219
88145,4323804,Xangri-Lá,0,96,43,139,-29.79811666666667,-50.0635,16907
